date,SVI,P_IMERG,EVI,SPI_1,SPI_3,SPI_6,SPI_9,SPI_12,SOI,AAO
Jun-00,0.83,1.026,0.116,-0.5075,,,,,-0.2,0.1172
Jul-00,0.79,5.952,0.0942,0.7438,,,,,-0.2,0.0586
Aug-00,0.86,0.5022,0.0893,-0.4492,-0.2439,,,,0.7,-0.6735
Sep-00,0,4.59,0.0894,-0.4528,-0.3901,,,,0.9,-1.8529
Oct-00,-0.37,38.0184,0.1084,0.5002,0.008,,,,1.1,0.3470
Nov-00,1.03,86.58,0.1559,1.1689,0.8355,0.7487,,,1.8,-1.5371
Dec-00,1.16,78.9198,0.1942,0.5633,1.0769,0.9599,,,0.8,-1.2903
Jan-01,0.23,97.8918,0.1943,0.8007,1.4933,1.2249,,,1,-0.4709
Feb-01,-0.85,29.7024,0.1942,-1.6118,-0.2271,0.3817,0.3307,,1.7,-0.2649
Mar-01,0.91,90.21,0.1825,0.9287,0.1979,0.7914,0.7133,,0.9,-0.5548
Apr-01,1.71,51.696,0.1687,1.2357,0.2884,1.0182,0.9496,,0.2,0.5150
May-01,1.3,12.2388,0.1385,0.4633,1.5297,0.8247,1.071,1.0283,-0.5,-0.2622
Jun-01,0.94,3.96,0.1257,0.4311,1.0877,0.6783,1.0919,1.0307,0.3,0.3861
Jul-01,0.76,0.5022,0.0959,-0.9576,0.1385,0.2573,1.0355,0.9533,-0.2,-0.9283
Aug-01,0.98,7.7376,0.0938,0.8756,0.3086,1.3757,0.7867,1.0048,-0.4,0.9103
Sep-01,2.4,49.932,0.0974,2.1583,1.8302,1.9431,1.2558,1.4685,0.2,1.1614
Oct-01,1.83,45.756,0.128,0.862,2.0408,1.8337,1.2349,1.7303,0,1.2771
Nov-01,-0.01,63.738,0.1809,0.3088,1.5544,1.5664,2.2254,1.5736,0.7,0.9958
Dec-01,-0.56,58.0692,0.1934,-0.3305,0.2853,1.1996,1.4706,1.2913,-0.8,1.4736
Jan-02,-0.12,94.6368,0.2053,0.701,0.365,1.4658,1.4804,1.2957,0.4,0.7469
Feb-02,0.31,54.432,0.1926,-0.4493,-0.1979,0.9814,1.0264,1.7681,1.1,1.3341
Mar-02,-0.21,60.2826,0.1822,0.0431,0.0094,0.1364,0.7438,1.0329,-0.2,-1.8235
Apr-02,0.82,32.166,0.1486,0.4331,-0.2742,-0.0039,0.7947,0.8171,-0.1,0.1650
May-02,0.09,6.9936,0.1348,-0.1699,0.0155,-0.1724,0.7237,0.7496,-0.8,-2.7985
Jun-02,0.91,1.062,0.1105,-0.4623,0.1244,-0.0257,0.1036,0.6857,-0.2,-1.1120
Jul-02,0.52,12.4434,0.096,1.6381,0.4448,-0.2332,0.0311,0.8488,-0.5,-0.5909
Aug-02,1.25,11.0298,0.0941,1.19,1.3258,0.3756,0.0735,0.853,-1,-0.0994
Sep-02,0,2.232,0.1042,-0.9396,0.5826,0.2752,0.0799,0.1718,-0.6,-0.8645
Oct-02,0.07,43.0776,0.1105,0.721,0.5574,0.5772,0.0264,0.1732,-0.4,-2.5640
Nov-02,0.36,95.796,0.149,1.4629,1.1314,1.4377,1.1445,0.7088,-0.5,-0.9235
Dec-02,0.67,75.1626,0.1945,0.4098,1.2897,1.4976,1.24,0.9773,-1.1,1.3085
Jan-03,-0.12,82.1376,0.2056,0.2796,1.2468,1.2651,1.3502,0.8276,-0.2,-0.9879
Feb-03,-1.74,62.1432,0.1789,-0.1713,0.1231,0.8646,1.143,0.9844,-0.7,-0.3569
Mar-03,0.89,118.4448,0.1804,1.5837,1.0808,1.5343,1.6874,1.5477,-0.3,-0.1877
Apr-03,0.48,44.046,0.1567,0.9557,1.3324,1.581,1.6658,1.7372,-0.1,0.2243
May-03,0.71,11.067,0.1271,0.3326,1.9835,1.3787,1.687,1.869,-0.3,0.3845
Jun-03,0.36,7.002,0.1138,1.0922,0.9157,1.3921,1.7211,1.8731,-0.6,-0.7745
Jul-03,0.73,9.1326,0.0989,1.2239,0.8928,1.5582,1.7669,1.8299,0.3,0.7270
Aug-03,-0.45,0.5394,0.0929,-0.4344,0.7422,1.8744,1.3826,1.6376,0.1,0.6780
Sep-03,-0.34,1.71,0.0922,-1.0923,-0.3603,0.5274,1.1428,1.5041,-0.1,-0.3231
Oct-03,-0.99,19.623,0.1031,-0.6295,-1.2106,-0.497,0.9376,1.3848,0,-0.0249
Nov-03,-1.1,43.632,0.1075,-0.6275,-1.2134,-0.9002,0.9582,0.744,-0.3,-0.7117
Dec-03,-0.84,84.537,0.1555,0.7794,-0.1998,-0.3962,0.125,0.9051,1.1,-1.3229
Jan-04,-0.68,31.0806,0.1937,-2.0794,-1.2271,-1.6571,-1.3098,0.1313,-1.3,0.8071
Feb-04,-0.9,45.153,0.201,-0.8399,-1.6151,-2.132,-1.9491,-0.2018,1.2,-1.1819
Mar-04,-0.29,64.914,0.1847,0.2109,-1.6504,-1.3013,-1.4676,-0.9835,0.4,0.4317
Apr-04,1.26,34.578,0.1643,0.5489,-0.3216,-0.9456,-1.329,-1.1216,-0.9,0.1510
May-04,0.46,21.2412,0.1368,1.2109,0.6747,-0.6641,-1.2024,-1.0662,1,0.4596
Jun-04,3.54,0.36,0.1162,-0.8949,0.7215,-1.1739,-0.9856,-1.1322,-0.8,1.1954
Jul-04,0.1,15.9216,0.0992,1.9996,1.4508,0.1259,-0.6448,-1.0236,-0.5,1.4743
Aug-04,0.86,0.2046,0.0947,-0.5263,0.7273,0.7255,-0.5279,-1.0311,-0.3,-0.0712
Sep-04,-0.55,2.646,0.0967,-0.8615,0.1881,0.5751,-1.0949,-0.9322,-0.3,0.2536
Oct-04,-0.34,33.3684,0.1214,0.2525,-0.332,0.468,-0.0644,-0.7574,-0.1,-0.0425
Nov-04,-0.37,58.536,0.1411,0.0997,-0.1507,0.0523,0.4875,-0.5729,-0.7,-0.2422
Dec-04,0.49,110.4468,0.1794,1.671,1.0516,1.0969,1.1896,-0.1152,-0.8,-0.9729
Jan-05,-0.25,88.2198,0.1994,0.4963,1.3427,0.9483,1.363,0.8083,0.3,-0.1287
Feb-05,-0.65,45.4104,0.1828,-0.817,0.7763,0.4383,0.5725,0.8582,-3.1,1.2435
Mar-05,-0.12,88.9824,0.179,0.8797,0.2915,0.8417,0.8764,1.0083,0.3,0.1583
Apr-05,-0.27,21.024,0.1528,-0.1812,-0.0853,0.7126,0.5545,0.8635,-0.6,0.3554
May-05,-0.05,1.3578,0.1297,-1.467,0.3817,0.7333,0.4904,0.5854,-0.8,-0.2973
Jun-05,-0.3,2.304,0.1066,0.0533,-0.6374,-0.0752,0.5711,0.5945,0.4,-1.4277
Jul-05,-0.49,9.2628,0.0954,1.2418,-0.203,-0.2214,0.6644,0.4953,0.2,-0.2520
Aug-05,-0.19,5.8218,0.0964,0.6531,0.7971,0.4913,0.7884,0.5393,-0.3,0.2282
Sep-05,-0.08,7.164,0.0972,-0.1157,0.3955,-0.4607,-0.0339,0.5577,0.4,0.2407
Oct-05,-0.34,29.4624,0.0974,0.0247,-0.0295,-0.226,-0.2368,0.5774,1.2,0.0310
Nov-05,0.35,71.334,0.1265,0.6134,0.2484,0.4478,0.5805,0.835,-0.2,-0.5515
Dec-05,-0.67,61.6404,0.1722,-0.1657,0.1618,0.2596,-0.1212,0.0921,0,-1.9678
Jan-06,0.3,80.9472,0.1996,0.2453,0.314,0.1891,0.1357,-0.0104,1.7,0.3389
Feb-06,-0.61,47.1744,0.2045,-0.742,-0.7093,-0.4128,-0.2532,-0.0255,0.1,-0.2113
Mar-06,-1.18,31.341,0.1787,-1.104,-1.154,-0.7283,-0.6839,-0.8799,1.8,0.5006
Apr-06,-0.43,45.738,0.155,1.024,-0.8334,-0.3829,-0.4403,-0.4735,1.1,-0.1693
May-06,-0.46,3.906,0.1241,-0.7161,-0.5888,-0.8972,-0.6453,-0.5129,-0.5,1.6954
Jun-06,-0.26,5.58,0.1069,0.8459,0.6958,-0.7714,-0.4829,-0.4366,-0.2,0.4380
Jul-06,-0.8,0.744,0.0945,-0.7822,-0.4946,-1.0823,-0.5299,-0.5764,-0.6,0.9255
Aug-06,0.05,0.372,0.0872,-0.4982,-0.368,-0.6567,-0.9429,-0.674,-1,-1.7271
Sep-06,-1.15,4.968,0.0931,-0.393,-0.9443,0.1139,-0.9995,-0.6511,-0.6,-0.3241
Oct-06,0.42,23.4546,0.1006,-0.3575,-0.7562,-0.9942,-1.2514,-0.7691,-1.3,0.8792
Nov-06,-0.45,73.008,0.1315,0.6842,0.0592,-0.0342,-0.4587,-0.8121,0.1,0.1013
Dec-06,0.16,93.7998,0.1893,1.1078,0.7962,0.542,0.7237,-0.2443,-0.3,0.6384
Jan-07,0.4,63.4818,0.2174,-0.4094,0.7216,0.2438,0.1302,-0.5313,-0.8,-0.0828
Feb-07,-0.55,64.5288,0.2101,-0.0886,0.1988,0.1294,0.0629,-0.2894,-0.1,0.0749
Mar-07,0.63,103.9182,0.1731,1.2562,0.4872,0.8038,0.6514,0.7916,0.2,-0.5701
Apr-07,0.11,23.04,0.1557,-0.0665,0.6953,0.8405,0.5791,0.5126,-0.1,-1.0352
May-07,0.38,11.6436,0.1309,0.3971,1.1443,0.8219,0.67,0.6173,-0.1,-0.6119
Jun-07,0.29,1.692,0.1055,-0.1912,-0.0433,0.3545,0.6937,0.5426,0.5,-1.1980
Jul-07,-0.13,2.6412,0.0937,0.0028,0.0744,0.6756,0.8446,0.5661,-0.3,-2.6307
Aug-07,0.34,0.465,0.0901,-0.4604,-0.6953,0.8647,0.6642,0.5321,0.4,-0.1079
Sep-07,0.27,27.432,0.0901,1.2837,0.8118,0.3037,0.5067,0.7728,0.2,0.0305
Oct-07,-0.28,9.1698,0.112,-1.6753,-0.2885,-0.322,0.4216,0.678,0.7,-0.4337
Nov-07,-1.22,19.242,0.1458,-2.3086,-1.6013,-1.7274,-0.2331,-0.105,0.9,-0.9838
Dec-07,-1.12,53.6238,0.1553,-0.5535,-2.2214,-1.806,-1.5662,-0.7574,1.7,1.9293
Jan-08,0.64,85.3368,0.169,0.3975,-1.2585,-1.2749,-1.2357,-0.3726,1.8,1.2085
Feb-08,0.47,78.822,0.192,0.377,0.0953,-0.9548,-1.0712,-0.1866,2.6,1.1474
Mar-08,-0.2,67.5738,0.1969,0.3032,0.49,-0.861,-0.6792,-0.6908,1.4,0.5875
Apr-08,-0.21,5.076,0.1576,-1.7716,-0.1562,-0.8437,-0.976,-0.9586,0.7,-0.8734
May-08,-0.49,2.9388,0.1214,-0.9608,-0.7915,-0.4222,-1.1548,-1.2289,-0.1,-0.4898
Jun-08,-0.09,1.314,0.1011,-0.3399,-1.8732,-0.1903,-1.3534,-1.1832,0.6,1.3484
Jul-08,-0.38,0.186,0.0909,-1.1264,-1.4032,-0.5085,-1.1172,-1.2313,0.3,0.3202
Aug-08,-0.03,1.4694,0.0889,-0.0969,-1.1253,-0.9664,-0.561,-1.2123,1,0.0870
Sep-08,0.07,23.508,0.0895,1.0906,0.5536,-1.0623,-0.0737,-1.1684,1.2,1.3856
Oct-08,0.29,27.249,0.1128,-0.0989,0.3997,-0.1703,-0.2658,-0.9376,1.3,1.2149
Nov-08,0.73,77.616,0.1518,0.8393,0.7944,0.5986,-0.0443,-0.0212,1.3,0.9197
Dec-08,0.54,73.0608,0.1822,0.3328,0.5134,0.6739,-0.0669,0.3016,1.4,1.1938
Jan-09,-0.37,57.7344,0.1868,-0.6541,0.1456,0.2431,-0.0005,-0.1425,1.1,0.9626
Feb-09,-0.78,34.5912,0.1926,-1.3483,-1.4556,-0.518,-0.6621,-1.0285,1.9,0.4558
Mar-09,-0.17,62.9796,0.1705,0.1331,-1.2612,-0.5357,-0.4445,-0.8955,0.4,0.6046
Apr-09,-1.57,3.816,0.1478,-2.02,-1.5049,-0.8377,-0.7263,-0.8978,0.8,0.0292
May-09,-0.75,6.9378,0.1195,-0.1786,-0.8899,-1.5891,-0.8284,-0.9335,-0.1,-0.7328
Jun-09,-1.05,0.126,0.0993,-1.0174,-1.7006,-1.9696,-0.9957,-0.9146,0.1,-0.4700
Jul-09,-0.73,4.6314,0.0899,0.4765,-0.3377,-1.7377,-0.9808,-0.8472,0.2,-1.2342
Aug-09,-1.07,0.0558,0.0827,-0.5868,-0.7014,-0.9875,-1.6382,-0.8739,-0.2,-0.6856
Sep-09,-0.55,10.584,0.0884,0.2239,-0.0614,-1.564,-1.8976,-0.9901,0.3,-0.0165
Oct-09,-1.53,7.8306,0.0914,-1.8813,-1.4746,-1.5051,-2.0782,-1.3749,-1.2,0.0848
Nov-09,-0.84,47.25,0.0962,-0.4714,-1.2076,-1.3377,-1.6372,-2.1045,-0.6,-1.9151
Dec-09,-1.66,77.9154,0.1574,0.5139,-0.5978,-0.7073,-1.2922,-1.986,-0.7,0.6068
Jan-10,-0.92,55.2978,0.1815,-0.7695,-0.5943,-1.181,-1.251,-2.0654,-1.1,-0.7569
Feb-10,-0.14,111.3,0.1841,1.239,0.7739,-0.1505,-0.2586,-0.7121,-1.5,-0.7752
Mar-10,0.11,93.3348,0.19,0.9863,1.0165,0.3741,0.3433,-0.1124,-0.7,0.1083
Apr-10,-0.56,22.446,0.1671,-0.1022,1.3603,0.631,0.2244,0.1775,1.2,0.3774
May-10,-0.55,20.0508,0.1371,1.1314,1.0555,1.1475,0.4205,0.3407,0.9,1.0210
Jun-10,-1.11,1.476,0.1124,-0.263,0.2772,1.0065,0.3801,0.3527,0.4,2.0707
Jul-10,-0.87,1.3578,0.0973,-0.4585,0.614,1.5107,0.7258,0.3014,1.8,2.4237
Aug-10,-0.74,2.7156,0.0897,0.1868,-0.5548,0.8013,0.9879,0.3089,1.8,1.5101
Sep-10,0.84,29.628,0.0894,1.3837,0.9505,0.6566,1.141,0.5242,2.2,0.4018
Oct-10,-0.4,21.669,0.113,-0.4786,0.4687,0.5815,1.4217,0.7981,1.7,1.3349
Nov-10,-0.36,38.16,0.1392,-0.9441,-0.3256,-0.4469,0.4657,0.7476,1.3,1.5163
Dec-10,-1.61,21.6318,0.1779,-2.7061,-2.2538,-1.7334,-1.2938,-0.1121,2.9,0.2054
Jan-11,-1.19,94.5252,0.1797,0.6954,-1.3905,-0.9563,-0.7581,0.5355,2.3,0.0524
Feb-11,-0.73,71.6688,0.181,0.1466,-0.7547,-0.8815,-0.9718,-0.1416,2.7,1.0738
Mar-11,-0.83,36.2328,0.1919,-0.8791,-0.1322,-1.3954,-1.1596,-0.995,2.5,-0.2962
Apr-11,-1.42,15.264,0.1553,-0.6054,-0.8652,-1.4015,-1.2299,-1.0991,1.9,-0.8700
May-11,-1.3,3.7944,0.122,-0.7536,-1.661,-1.4959,-1.4523,-1.5081,0.4,1.2657
Jun-11,-1.33,7.11,0.0989,1.1289,-0.5601,-0.4591,-1.5737,-1.3495,0.2,-0.0990
Jul-11,-1.46,1.7298,0.0926,-0.3556,-0.2355,-1.0464,-1.5528,-1.35,1,-1.3842
Aug-11,-1.19,0.8556,0.0874,-0.2926,0.0432,-1.4797,-1.4433,-1.3743,0.4,-1.2020
Sep-11,-2.28,1.908,0.0836,-1.0289,-1.2126,-1.2921,-0.7287,-1.7038,1,-1.2500
Oct-11,0.42,40.9944,0.1035,0.6419,0.0351,-0.1799,-0.8745,-1.4773,0.8,0.3882
Nov-11,0.63,79.848,0.1509,0.9335,0.664,0.6374,-0.4983,-0.8619,1.1,-0.9075
Dec-11,-0.85,24.9426,0.1888,-2.4108,-0.2511,-0.641,-0.8668,-0.7817,2.5,2.5735
Jan-12,-1.14,76.5576,0.1901,0.0886,-0.5643,-0.5228,-0.5765,-1.1153,1.1,1.5833
Feb-12,1.21,88.5312,0.1894,0.6442,-0.7092,-0.0894,-0.0986,-0.9286,0.5,-0.2831
Mar-12,-0.51,28.6626,0.1854,-1.2496,-0.3393,-0.4444,-0.6899,-0.8614,0.7,0.2748
Apr-12,-1.15,24.192,0.1576,-0.0006,-0.4061,-0.6386,-0.6633,-0.7017,-0.3,0.6656
May-12,-0.86,6.51,0.1265,-0.249,-1.4713,-1.3675,-0.7604,-0.7552,0,0.1528
Jun-12,-0.86,0,0.1057,0,-0.322,-0.5591,-0.5941,-0.8364,-0.4,-0.1971
Jul-12,-1.01,0.0744,0.0956,-1.2128,-1.0026,-0.7223,-0.8612,-0.8677,0,1.2593
Aug-12,1.2,13.5036,0.0968,1.3827,0.4594,-1.1723,-1.2435,-0.6721,-0.2,0.4888
Sep-12,0.54,25.812,0.1014,1.2066,1.1878,0.4164,-0.1359,-0.2766,0.2,0.5624
Oct-12,1.66,58.8318,0.1314,1.3807,1.8904,1.4194,0.4521,0.0021,0.3,-0.4442
Nov-12,-0.44,50.4,0.1639,-0.2976,0.9607,1.0287,-0.0198,-0.4765,0.3,-1.7009
Dec-12,-0.28,77.1714,0.1926,0.4793,0.6982,1.1862,0.8115,0.3874,-0.6,-0.7635
Jan-13,-1.7,47.802,0.1853,-1.1254,-0.7482,0.5275,0.3352,-0.0617,-0.1,0.0710
Feb-13,-1.29,63.1344,0.1838,-0.1415,-0.7507,0.1182,0.2015,-0.5498,-0.2,0.7156
Mar-13,-0.87,63.4818,0.1662,0.1434,-0.7794,-0.0986,0.2282,0.0695,1.5,1.3748
Apr-13,-0.02,16.038,0.153,-0.5351,-0.3795,-0.7054,0.0976,-0.0274,0.2,0.6106
May-13,-1.02,8.3514,0.1331,0.0173,-0.3724,-0.7886,-0.106,-0.0434,0.8,0.3596
Jun-13,-0.86,0.72,0.1113,-0.6603,-0.6136,-1.1238,-0.3415,-0.0281,1.2,-0.2711
Jul-13,-1.09,0.7812,0.0972,-0.765,-0.5419,-0.6089,-0.875,-0.0224,0.8,0.9453
Aug-13,-1.92,1.3392,0.0945,-0.1361,-1.1653,-0.5875,-0.914,-0.2261,0.2,-1.5609
Sep-13,-2.28,1.962,0.0909,-1.0494,-1.2749,-1.3672,-1.3763,-0.5443,0.3,-1.6583
Oct-13,-0.89,62.3472,0.0897,1.501,0.8869,0.52,-0.0744,-0.5025,-0.1,-0.4576
Nov-13,-0.4,73.494,0.1269,0.7005,1.0408,0.8405,0.4147,-0.1651,0.7,0.1888
Dec-13,-0.51,77.2086,0.1767,0.496,1.2671,1.0027,0.5426,-0.1413,0.1,0.0613
Jan-14,-1.21,40.827,0.1878,-1.4798,-0.2855,0.1852,0.0622,-0.2528,1.4,-0.6826
Feb-14,2.42,120.8256,0.1884,1.4678,0.6546,1.169,1.0444,0.7144,0.1,0.3222
Mar-14,0.8,73.0422,0.1803,0.4633,0.5484,1.1585,0.9916,0.7029,-0.9,0.4670
Apr-14,2.06,61.596,0.16,1.5758,1.8742,1.1927,1.4058,1.3408,0.8,0.6137
May-14,0.48,6.6774,0.1334,-0.2155,1.2187,1.1795,1.4799,1.3738,0.5,-0.4452
Jun-14,0.18,3.924,0.1107,0.4941,1.2231,1.0819,1.503,1.363,0.2,0.8412
Jul-14,-0.17,1.5624,0.1019,-0.3809,-0.2807,1.8563,1.1582,1.369,-0.2,0.2470
Aug-14,-0.11,1.9902,0.0934,-0.0054,-0.2596,0.9929,1.0482,1.3278,-0.7,-0.0589
Sep-14,0.43,15.21,0.1089,0.5936,0.1852,1.0547,0.9737,1.3867,-0.7,-1.1189
Oct-14,2.5,33.1824,0.1452,0.2406,0.316,0.0614,1.6581,1.1732,-0.6,-0.0390
Nov-14,-0.29,65.07,0.167,0.3694,0.4079,0.3285,1.099,1.1528,-0.9,-0.5192
Dec-14,-0.12,59.1852,0.1739,-0.3035,0.0378,0.0401,0.6613,0.8944,-0.6,1.3222
Jan-15,1.35,104.4948,0.2061,0.9982,0.6734,0.6572,0.5835,1.8519,-0.8,0.6747
Feb-15,2.47,170.856,0.1917,2.4792,2.7852,2.4304,2.3973,2.7304,0.2,1.2165
Mar-15,2.22,42.1662,0.1829,-0.6125,2.0279,1.5103,1.5706,1.8305,-0.7,0.7733
Apr-15,0.62,25.29,0.175,0.0736,1.5591,1.4361,1.4586,1.4264,0,1.0286
May-15,-0.98,3.348,0.1484,-0.8366,-0.9922,1.5761,1.4795,1.4347,-0.7,0.4156
Jun-15,0.03,0.72,0.1167,-0.6662,-0.3828,1.7542,1.2913,1.3401,-0.6,0.7113
Jul-15,0.52,4.464,0.1018,0.4559,-0.7066,1.4513,1.3668,1.3763,-1.1,1.6780
Aug-15,0.27,7.5144,0.0938,0.8433,0.3755,-0.8078,1.5094,1.395,-1.4,1.0618
Sep-15,-0.34,6.336,0.1004,-0.2083,0.1609,-0.4312,1.5861,1.18,-1.6,0.5424
Oct-15,-0.85,23.3058,0.1095,-0.3837,-0.2918,-0.6596,1.099,1.1882,-1.7,-0.1699
Nov-15,1.27,79.038,0.1486,0.9015,0.2659,0.3399,-0.3866,1.5064,-0.5,0.6954
Dec-15,-0.21,76.2042,0.1939,0.452,0.5378,0.5519,0.2293,1.7537,-0.6,-0.0589
Jan-16,-0.82,93.7998,0.2123,0.676,1.159,0.8091,0.6622,1.6576,-2.2,1.3918
Feb-16,-0.27,101.1114,0.2215,0.9883,1.4275,1.2334,1.2898,0.6448,-2,1.0933
Mar-16,-0.45,37.0698,0.1928,-0.8261,0.4913,0.6397,0.6586,0.4469,-0.1,2.0383
Apr-16,1,72.018,0.1601,1.8794,1.0629,1.3378,1.1896,1.107,-1.2,0.0969
May-16,1.11,8.0538,0.1369,-0.0272,0.5537,1.2915,1.1751,1.205,0.4,0.0124
Jun-16,2.65,28.188,0.1097,3.08,2.1233,1.6516,1.4764,1.5251,0.6,2.5655
Jul-16,2.28,0.8556,0.0988,-0.7251,1.4341,1.4736,1.6479,1.4752,0.4,0.4066
Aug-16,1.8,0.3348,0.1023,-0.5034,1.6204,0.931,1.5009,1.3299,0.7,-0.7385
Sep-16,0.54,0.468,0.1017,-1.7541,-1.9059,1.5497,1.2304,1.1574,1.2,2.3328
Oct-16,0.99,49.0296,0.1359,1.0038,0.3037,0.9078,1.3232,1.6232,-0.3,-0.1772
Nov-16,-1.03,29.52,0.1604,-1.4773,-0.6717,-0.0266,0.3416,1.0653,-0.1,-1.5077
Dec-16,-0.51,76.725,0.1673,0.4514,-0.0194,-0.4571,0.9641,1.0863,0.3,-0.7112
Jan-17,-1.19,61.1754,0.189,-0.5048,-0.9725,-0.7109,-0.191,0.6331,0.2,-0.9822
Feb-17,-1.09,72.8112,0.2098,0.1863,-0.1294,-0.5981,-0.1783,0.1317,-0.1,-0.0149
Mar-17,-1.59,49.5504,0.1986,-0.319,-0.5735,-0.4662,-0.7605,0.2941,0.9,0.1561
Apr-17,0.56,33.12,0.1579,0.4681,-0.0751,-0.6488,-0.578,-0.2345,-0.2,0.6192
May-17,-0.55,17.6514,0.1369,0.9349,0.0625,-0.1017,-0.4734,-0.1504,0.3,1.0528
Jun-17,-0.49,3.618,0.1169,0.4286,0.6527,-0.2708,-0.2565,-0.5241,-0.4,0.5464
Jul-17,-0.38,1.3206,0.1015,-0.4776,0.5798,0.0222,-0.5974,-0.5201,0.8,0.7284
Aug-17,-0.64,2.7156,0.0942,0.1717,-0.2217,-0.0448,-0.1679,-0.4988,0.5,0.7641
Sep-17,0.11,28.332,0.0907,1.3235,0.8927,0.928,-0.0147,-0.0695,0.6,1.2961
Oct-17,-0.09,28.2906,0.1102,-0.0346,0.6784,0.7455,0.2926,-0.361,0.9,-0.5676
Nov-17,-1.37,27.522,0.1411,-1.6222,-0.4949,-0.5444,-0.3837,-0.4126,0.9,0.7706
Dec-17,-1.04,65.7324,0.1686,0.0062,-0.9132,-0.5379,-0.1428,-0.5681,-0.1,0.9839
Jan-18,-0.55,56.0976,0.1944,-0.7834,-1.5445,-0.9406,-0.7513,-0.648,1.1,1.2752
Feb-18,-0.22,46.6872,0.1821,-0.7652,-1.3522,-1.4536,-1.4981,-1.2529,-0.5,1.0411
Mar-18,-1.93,10.3602,0.1703,-2.668,-2.5011,-2.3438,-2.1156,-1.6661,1.5,0.1405
Apr-18,-1.02,18.324,0.1378,-0.3691,-2.3719,-2.4265,-2.0731,-1.9249,0.5,-1.1662
May-18,2.91,57.5112,0.1398,3.0264,-0.4055,-1.2329,-1.3353,-1.3548,0.4,-0.0766
Jun-18,-0.09,1.242,0.1144,-0.3723,1.3629,-1.3469,-1.5443,-1.3409,-0.1,-0.0119
Jul-18,-0.13,3.162,0.1091,0.1464,2.4882,-1.0031,-1.6189,-1.3158,0.2,0.3768
Aug-18,-0.27,1.1346,0.0913,-0.1931,-0.5533,-0.5288,-1.2831,-1.3376,-0.3,-0.3428
Sep-18,0.45,14.526,0.0951,0.5496,0.193,1.195,-1.2426,-1.4441,-0.9,1.4584
Oct-18,0.32,30.4668,0.1265,0.0872,0.1417,1.5182,-0.788,-1.5061,0.4,0.5303
Nov-18,1.28,69.822,0.1705,0.5364,0.437,0.3071,-0.0575,-0.8659,-0.1,0.9907
Dec-18,0.12,51.7266,0.1906,-0.6506,-0.0946,-0.0969,0.649,-1.0983,1,0.9299
Jan-19,1.57,146.103,0.198,2.0801,1.5546,1.3272,2.1605,0.4203,0,0.6767
Feb-19,0.77,39.3288,0.1961,-1.1028,0.608,0.6948,0.6155,0.3098,-1.4,-0.4996
Mar-19,0.87,78.2688,0.1894,0.6139,1.1031,0.7137,0.7381,1.1563,-0.3,0.7446
Apr-19,1.8,34.65,0.1634,0.5556,-0.1356,0.8293,0.7951,1.4088,0.1,0.3358
May-19,0.9,8.1282,0.136,-0.0117,0.6849,0.8026,0.8433,0.7771,-0.4,0.3346
Jun-19,0.33,2.196,0.1163,0.0145,0.3218,1.1159,0.7358,0.7599,-0.5,1.4650
Jul-19,0.26,2.046,0.1046,-0.2852,-0.2669,-0.2889,0.7806,0.7392,-0.4,-0.3897
Aug-19,0.05,0.1674,0.0968,-0.4789,-0.8221,0.4328,0.6387,0.6903,-0.1,-1.0804
Sep-19,0,4.068,0.0954,-0.5468,-0.9425,-0.276,0.8023,0.5127,-1.2,0.5630
Oct-19,-0.5,21.5016,0.1101,-0.4879,-0.9411,-1.0456,-0.638,0.4751,-0.4,-0.9252
Nov-19,0.3,65.196,0.1486,0.3518,-0.2857,-0.4418,0.1528,0.4371,-0.8,-1.8398
Dec-19,0.05,90.5448,0.1903,1.0035,0.5065,0.2262,0.2699,1.0335,-0.6,-1.3599
Jan-20,-1.21,36.4374,0.2063,-1.7324,-0.2708,-0.7124,-0.7705,-0.7278,0.2,-0.2312
Feb-20,0.5,110.7684,0.2084,1.2286,0.6149,0.2336,0.1252,0.4867,-0.1,0.2746
Mar-20,-0.47,47.9322,0.1819,-0.3709,-0.296,0.0818,-0.1127,-0.0415,-0.1,1.4264
Apr-20,-0.9,18.27,0.1632,-0.372,0.4061,0.1015,-0.2167,-0.2592,0.2,-0.4752
May-20,-1.3,0.2604,0.1338,-2.2159,-1.1589,-0.2119,-0.3656,-0.4477,0.4,0.5766
Jun-20,-1.33,0.396,0.1088,-0.8798,-1.0133,-0.7856,-0.2549,-0.4564,-0.4,1.0708
Jul-20,-0.87,0.651,0.099,-0.8359,-2.4437,0.0352,-0.1605,-0.4839,0.4,-0.5464
Aug-20,-1.32,0.093,0.0897,-0.5273,-1.8776,-1.3729,-0.3932,-0.4967,1.1,-0.7205
Sep-20,-0.88,2.862,0.092,-0.7752,-1.3651,-1.8152,-1.0627,-0.4666,0.9,0.1943
Oct-20,-1.45,17.298,0.0917,-0.8233,-1.3367,-2.1305,-0.4665,-0.5386,0.5,1.2636
Nov-20,-1.1,40.95,0.1193,-0.7673,-1.3704,-1.6613,-2.1018,-1.0297,0.7,0.8132
Dec-20,-0.87,68.076,0.1528,0.1213,-0.7749,-1.2398,-1.5623,-1.4136,1.8,1.4813
Jan-21,0.5,121.458,0.1961,1.4734,0.7248,0.0621,-0.2509,0.072,1.9,1.0446
Feb-21,0.96,51.2232,0.1976,-0.5741,0.6939,-0.324,-0.5153,-1.0863,1.5,1.3435
Mar-21,1.34,68.8014,0.1959,0.3405,0.6782,0.0092,-0.2296,-0.541,0.4,0.0858
Apr-21,0.43,20.952,0.1609,-0.1909,-0.407,0.1285,-0.2693,-0.4806,0.3,0.8274
May-21,-0.31,13.0944,0.1375,0.5445,0.1474,0.5317,-0.2128,-0.3501,0.5,0.3138
Jun-21,-0.44,6.228,0.1229,0.9742,0.1292,0.6179,-0.0136,-0.2412,0.4,1.1792
Jul-21,-0.73,1.0416,0.0976,-0.605,0.4267,-0.3704,0.1679,-0.2398,1.4,-0.4595
Aug-21,-0.64,0.186,0.0962,-0.527,-0.2469,0.027,0.4332,-0.2566,0.6,-0.2268
Sep-21,-0.39,9.63,0.1012,0.1518,-0.4066,-0.2836,0.406,-0.1387,0.8,1.3364
Oct-21,-0.28,39.0786,0.1168,0.5486,0.2622,0.3134,-0.2239,0.209,0.7,0.4532
Nov-21,-0.04,77.922,0.1583,0.8621,0.7635,0.6799,0.598,0.7994,1,1.3211
Dec-21,-0.16,52.917,0.1908,-0.5886,0.3384,0.16,0.1206,0.5838,1.5,2.1548
Jan-22,-0.33,86.6946,0.1811,0.4395,0.3995,0.3956,0.4941,0.0459,0.5,0.8252
Feb-22,0.12,54.348,0.207,-0.4531,-0.5831,0.0714,0.0208,0.0692,1.1,0.6432
Mar-22,0.04,52.1172,0.2,-0.2148,-0.3491,-0.0651,-0.1903,-0.185,1.8,0.5584
Apr-22,-1.29,7.902,0.1644,-1.3495,-1.1193,-0.4886,-0.4386,-0.3561,1.7,0.5319
May-22,-0.98,5.0592,0.1313,-0.484,-1.2259,-1.154,-0.5299,-0.5626,1.4,0.0965
Jun-22,-1.49,2.844,0.1091,0.2203,-1.2476,-0.912,-0.4548,-0.5902,1.7,-0.8713
Jul-22,-0.94,0.4836,0.098,-0.9422,-0.7263,-1.4388,-0.6719,-0.6046,0.8,0.4467
Aug-22,-1.07,7.4772,0.091,0.8498,0.1767,-1.0726,-1.1028,-0.5019,1,0.7313
Sep-22,-0.25,13.77,0.088,0.4879,0.3657,-0.9024,-0.7975,-0.3967,1.6,1.4685
Oct-22,-0.34,13.8198,0.0988,-1.1383,-0.3893,-0.7614,-1.3901,-0.805,1.7,0.3303
Nov-22,-1.28,37.566,0.1212,-0.9825,-1.2126,-1.1126,-1.7337,-1.6176,0.3,1.7134
Dec-22,-0.74,81.747,0.1412,0.6638,-0.602,-0.5381,-1.0111,-1.0509,2.1,1.7004
Jan-23,0.1,88.4802,0.1824,0.5046,0.1381,-0.1378,-0.2948,-1.0281,1.4,2.3037
Feb-23,-0.95,43.8648,0.1892,-0.8854,-0.0075,-0.8349,-0.8073,-1.3706,1.4,0.5536
Mar-23,-0.13,69.3036,0.1813,0.3521,-0.1531,-0.514,-0.4781,-0.8219,0.2,-0.2582
Apr-23,-0.52,13.734,0.1639,-0.7223,-0.7687,-0.4339,-0.6063,-0.7125,0.2,-0.9210
May-23,0.9,14.7312,0.1424,0.6912,-0.0151,-0.0584,-0.6681,-0.6418,-1,1.4520
Jun-23,-0.39,1.224,0.1208,-0.4005,-0.3624,-0.4035,-0.6713,-0.6399,0.3,-0.4380
Jul-23,-0.67,6.6216,0.1032,0.8592,0.5867,-0.6764,-0.3757,-0.5472,-0.3,-0.8180
Aug-23,-1.19,0,0.0961,0,-0.193,-0.1095,-0.1212,-0.6751,-0.8,-0.0380
Sep-23,-0.74,1.944,0.0938,-1.0153,-0.6368,-0.866,-0.5997,-0.7889,-1.3,-1.0500
Oct-23,-1.88,8.5932,0.0932,-1.7521,-2.2762,-1.3227,-1.3303,-0.9082,-0.5,0.5350
Nov-23,-0.82,38.394,0.111,-0.9096,-1.9277,-1.8997,-1.3476,-0.9827,-0.8,0.0970
Dec-23,-1.46,53.0658,0.1444,-0.5953,-1.5822,-1.9453,-1.8573,-1.4956,-0.2,1.5100
Jan-24,-0.95,64.4862,0.2,-0.3672,-1.3332,-2.0722,-1.8236,-1.984,0.5,0.9220
Feb-24,0.72,109.4112,0.1696,1.1923,0.3149,-0.9084,-0.9592,-0.8642,-1.4,1.0430
Mar-24,-1.47,25.6866,0.1924,-1.4269,-0.2062,-1.1193,-1.3289,-1.3921,0.4,-0.0580
Apr-24,-0.3,45.864,0.1725,1.0219,0.4725,-0.4225,-0.9801,-0.8534,-0.2,1.0050
May-24,-0.94,4.8918,0.1516,-0.5264,-0.7733,-0.251,-1.1176,-1.1416,0.5,-0.0730
Jun-24,-0.98,0.45,0.1122,-0.866,0.5497,-0.0066,-0.9134,-1.1017,0,0.2100
Jul-24,-0.94,1.86,0.1009,-0.2431,-0.906,0.2447,-0.6212,-1.1874,-0.7,-0.5969
Aug-24,-1.46,1.3764,0.0952,-0.1298,-0.9372,-0.9258,-0.3841,-1.1661,0.9,-2.1504
Sep-24,-1.38,1.584,0.0895,-1.1321,-1.1358,-0.0915,-0.3039,-1.0813,-0.1,0.0978
Oct-24,1.6,76.0182,0.1111,1.9883,1.3442,0.8817,0.8188,-0.0774,0.5,-0.5670
Nov-24,1.02,71.784,0.1763,0.6368,1.3229,1.1469,0.4423,0.4604,0.5,1.0195
Dec-24,-0.16,51.5592,0.1858,-0.6557,0.9871,0.7173,0.7967,0.4604,1.2,-0.8259
Jan-25,-0.15,75.5904,0.2086,0.0505,-0.0883,0.6296,0.452,0.6633,0.2,-0.0803
Feb-25,-0.28,65.7048,0.192,-0.0397,-0.6102,0.5104,0.3904,-0.0746,0.5,-0.2708
Mar-25,1.39,116.7336,0.204,1.539,0.9952,1.2862,1.1423,1.1825,1.7,0.7332
Apr-25,0.22,7.038,0.1792,-1.4529,0.6598,0.3772,0.8136,0.7079,0.5,1.1380
May-25,-0.37,4.9662,0.1349,-0.5014,0.8838,0.1201,0.8096,0.714,0.4,0.5086
Jun-25,-0.8,1.53,0.1147,-0.2467,-1.4365,0.419,0.8655,0.7037,0.3,0.2090
Jul-25,-0.13,13.299,0.098,1.7305,0.3919,0.7145,0.4148,0.859,0.6,0.7531
Aug-25,2.33,43.7658,0.0883,2.9467,2.9574,1.7999,0.9101,1.3743,0.4,0.3566
Sep-25,0.4,14.22,0.1034,0.5225,2.2102,0.8718,1.2388,1.4146,0,-0.7092
,,,,,,,,,,
,,,,,,,,,,
,,,,,,,,,,
